id,area,mean,stddev,mode,min,max,perim.,width,height,major,minor,angle,circ.,feret,intden,median,skew,kurt,%area,area_exc,fractal,skelarea,slope,histcum1,histcum2,histcum3,nb1,nb2,nb3,symetrieh,symetriev,symetriehc,symetrievc,convperim,convarea,fcons,thickr,esd,elongation,range,centroids,sr,perimareaexc,feretareaexc,perimferet,perimmajor,circex,cdexc
81,1113,188.15,47.3,235,87,246,150.17,48,34,43.2,32.8,171.2,0.62,48.5,209408,202,-0.537,-1.125,0.45,1108,1.065,90,0.078,144,200,230,1,1,0,2.041,1.988,2,2,160,1203,2.292,3.051,708,1.3030303030303,159,4,29.559748427673,0.135379061371841,0.0442238267148014,3.06122448979592,3.48837209302326,94.0779637885808,0.0036101083032491
82,1649,224.109763493026,18.9937894296508,243,163,253,295.646752981726,51,55,48.9118704957373,42.9256126986855,55.7625846933036,0.237074199307402,57.6888204074238,369557,231,-1.20401230658349,0.61529206996103,4.30563978168587,1578,1.23997053482606,304,0.195784377894607,214,229,236,1,1,0,2.07095209217708,2.16282595512432,2.42786293958521,2.51082055906222,208,2083,39.4933905117754,2.4,1048,1.13953488372093,90,4,21.1111111111111,0.187579214195184,0.0367553865652725,5.10344827586207,6.04081632653061,66.5427276156335,0.00253485424588086
83,1872,182.919871794872,55.557675025923,243,52,254,244.634559672906,63,51,55.8413972462962,42.6834668414805,177.193390874351,0.3930792224154,64.7610994347687,342426,196,-0.410959660474792,-1.26248748900963,6.99786324786325,1741,1.18824273098207,313,0.131187767406992,128,185,234,1,1,1,2.18883547008547,2.33680555555556,1.93585780525502,1.9273570324575,223,2124,61.4558426706414,2.06036942560885,1190,1.30232558139535,202,-1,27.7227722772277,0.140723721998851,0.0373348650201034,3.76923076923077,4.375,88.5751062331956,-5.74382538770821e-4
84,1957,191.62,36.062,241,125,247,207.76,56,63,57.8,43.1,44,0.57,63.8,374998,194,-0.137,-1.313,0.82,1941,1.117,176,0.128,158,192,225,2,1,0,2.441,2.461,2,2,234,2219,9.493,2.388,1244,1.34883720930233,122,-1,29.5081967213115,0.107161257083977,0.0329726944873776,3.25,3.58620689655172,116.14916839272,-5.15198351365276e-4
85,1642,226.78,13.865,243,171,248,267.4,58,50,52.1,40.1,134.1,0.289,63.6,372370,230,-1.071,0.937,1.95,1610,1.198,295,0.209,217,229,236,2,1,0,2.213,2.322,3,3,211,2044,47.156,3.544,1044,1.3,77,4,18.1818181818182,0.16583850931677,0.0397515527950311,4.171875,5.13461538461539,76.3466290155406,0.00248447204968944
86,2047,163.04,52.347,240,63,243,223.42,49,67,65.2,40,104.1,0.515,68.9,333743,164,-0.086,-1.254,0,2047,1.085,149,0.087,117,163,211,1,1,0,2.263,2.163,2,2,228,2191,5.825,1.82,1302,1.625,180,4,28.8888888888889,0.10893991206643901,0.0337078651685393,3.23188405797101,3.43076923076923,116.395297047933,0.00195407914020518
87,1036,167.64,52.587,227,64,244,151.44,55,37,56.7,23.3,154.8,0.568,60.5,173673,173,-0.167,-1.42,0.1,1035,1.058,58,0.054,113,172,215,1,1,0,2.739,2.873,3,3,180,1097,0.601,2.035,36.3190882091722,2.47826086956522,180,1.4142135623731,29.4444444444444,4.69360753480958,1.89609311008864,2.47540983606557,2.64912280701754,0.570422068587419,0.0439586982263858
88,2136,183.79,46.389,230,46,245,209.76,50,64,60.7,44.8,70.2,0.61,68,392578,190,-0.497,-0.689,0.05,2135,1.082,93,0.134,145,188,228,3,1,0,1.884,2.081,2,2,224,2313,2.737,1.538,1358,1.35555555555556,199,5,23.1155778894472,0.0983606557377049,0.0318501170960187,3.08823529411765,3.44262295081967,128.986544527196,0.00234192037470726
89,2377,210.64,28.877,243,138,250,362.7,64,60,68.3,44.3,37.1,0.227,77.2,500684,220,-0.874,-0.369,1.14,2350,1.217,348,0.211,190,219,233,2,1,0,2.072,2.112,3,3,244,3027,55.02,3.198,1512,1.54545454545455,112,5,25.8928571428571,0.154468085106383,0.0327659574468085,4.71428571428571,5.33823529411765,81.8032436114794,0.00212765957446809
90,2604,216.39,27.309,238,136,251,368.94,65,69,69.3,47.9,137.2,0.24,78.5,563483,229,-1.074,0.027,3.11,2523,1.266,457,0.272,197,227,235,2,1,0,2.161,2.232,3,3,264,3194,53.638,2.769,1656,1.4375,115,0,23.4782608695652,0.146254458977408,0.0313119302417757,4.67088607594937,5.34782608695652,85.4580945014237,0
91,825,198.235151515152,44.3503042946356,242,84,247,153.965512114594,35,40,35.5097516934464,29.5812438643544,95.6054913136991,0.437337694180009,41,163544,215,-0.880702106262584,-0.487663408810592,1.21212121212121,815,1.09206127437831,133,0.07056414756785,166,213,234,1,1,1,2.16181818181818,2.16666666666667,2.05733558178752,2.05227655986509,146,954,4.67953889266304,1.9522736034042,524,1.2,163,4,26.9938650306748,0.188957055214724,0.0503067484662577,3.75609756097561,4.27777777777778,67.3788950704127,0.0049079754601227
92,3493,218.55,24.644,242,132,254,359.97,66,89,79.3,56.1,66.4,0.339,101.2,763383,227,-0.982,0.227,9.13,3174,1.25,547,0.314,200,223,234,1,2,0,2.285,2.24,3,3,306,4108,103.807,2.376,2222,1.41071428571429,122,-1,20.4918032786885,0.113421550094518,0.0318210459987398,3.56435643564356,4.55696202531646,110.181382127006,-3.15059861373661e-4
93,2712,205.448377581121,32.2166493385063,243,126,249,413.813275223096,61,81,70.3975788537932,49.0503466389555,80.7139544059248,0.199017245725966,85.4400374531753,557176,215,-0.663969975213184,-0.79257108367402,1.2905604719764,2677,1.22106293905215,410,0.217855519220448,178,214,232,2,1,0,2.4087389380531,2.47492625368732,2.4010152284264,2.41446700507614,280,3408,61.4775965073529,2.4,1726,1.42857142857143,123,0,26.0162601626016,0.154650728427344,0.0317519611505417,4.87058823529412,5.91428571428571,81.6509080937852,0
94,3627,209.2,29.93,243,112,251,389.29,105,67,86.9,53.2,169.1,0.301,105.1,758783,218,-1.027,0.304,1.38,3577,1.201,466,0.303,191,216,232,1,2,0,2.868,2.86,3,3,339,4460,79.254,2.621,2308,1.64150943396226,139,0,21.5827338129496,0.10875034945485,0.0293542074363992,3.7047619047619,4.47126436781609,114.961400735455,0
95,873,185.59,48.02,239,67,248,161.48,37,36,36.4,30.5,57.9,0.421,41,162021,199,-0.558,-0.97,0.34,870,1.088,114,0.057,144,198,227,1,1,0,1.871,1.905,2,2,142,1050,2.452,1.442,554,1.16129032258065,181,4,26.5193370165746,0.185057471264368,0.0471264367816092,3.92682926829268,4.47222222222222,67.072039475414,0.00459770114942529
96,2380,171.48,57.883,236,40,245,224.49,69,50,73,41.5,25.1,0.593,76,408113,189,-0.355,-1.382,0.04,2379,1.085,149,0.136,111,188,226,1,1,0,2.075,2.097,2,2,234,2527,7.086,2.162,1514,1.73809523809524,205,2,28.2926829268293,0.0941572089113073,0.0319461958806221,2.94736842105263,3.06849315068493,132.28051190956,8.40689365279529e-4
97,2636,208.011760242792,25.8658092730188,242,151,251,326.315800540038,59,77,77.5705256980451,43.26719987675,120.381189911068,0.311084994798925,80.9197132965756,548319,211,-0.304339315299853,-1.14745924404828,1.28983308042489,2602,1.16340504939851,448,0.216324759903621,185,209,230,1,1,0,2.3562215477997,2.38524279210926,2.36628807434177,2.39468249870934,268,3078,37.9759164663462,2.58041958041958,1678,1.81395348837209,100,5,26,0.125288239815527,0.031129900076864,4.02469135802469,4.17948717948718,100.918815859761,0.00192159877017679
98,1981,192.44,44.269,243,56,248,272.29,45,67,63.3,39.8,70.7,0.336,75.1,381233,200,-0.587,-0.654,1.01,1961,1.168,187,0.155,159,198,233,1,1,0,2.048,2.152,2,2,220,2212,40.92,1.988,50.2223808487845,1.575,192,1,22.9166666666667,6.14228702960917,1.69364532066429,3.62666666666667,4.31746031746032,0.333080838759169,0.0225819376088572
99,4869,208.61,33.205,241,86,253,561.01,97,161,112.8,55,71.7,0.194,162.1,1015716,218,-1.521,2.066,2.73,4736,1.237,538,0.398,195,216,230,5,6,0,4.815,4.872,3,3,510,8675,82.996,2.633,3098,2.05454545454545,167,-1,19.7604790419162,0.118454391891892,0.0342060810810811,3.46296296296296,4.9646017699115,105.709291704449,-2.11148648648649e-4
100,1597,188.93,44.818,243,73,244,248.49,63,39,57.3,35.5,169.4,0.325,66.3,301728,200,-0.459,-1.071,0.13,1595,1.112,118,0.112,147,198,228,1,1,0,2.144,2.238,2,2,200,1848,24.019,2.022,45.0928326116474,1.58333333333333,171,1.4142135623731,26.3157894736842,6.20971026436807,1.65258418325924,3.75757575757576,4.35087719298246,0.325887115145403,0.0354107115898256
181,3075,188.038048780488,30.9773068884317,166,137,254,324.333044482741,108,58,86.1480446214941,45.4474807555153,3.62012276513881,0.367343692025244,108.226614102078,578217,180,0.364108441071314,-1.23281841615264,1.39837398373984,3032,1.14834144538755,215,0.224386943176104,160,178,214,1,1,1,3.24016260162602,3.29105691056911,3.11820592134335,3.18758285461776,328,3872,5.43385416666667,1.93925581086209,1956,1.91111111111111,117,0,26.4957264957265,0.106860158311346,0.0356200527704486,3,3.76744186046512,116.874956143365,0
182,5129,158.42,62.519,242,65,255,799.7,116,216,144.2,45.3,97.3,0.101,237.1,812560,153,0.091,-1.658,2.83,4984,1.227,701,0.323,93,147,220,4,3,0,7.954,8.01,5,5,660,12374,96.415,2.654,80.8111726492485,3.2,190,4.24264068711928,33.1578947368421,11.3318539934015,3.35706174554519,3.37552742616034,5.55555555555556,0.0978606111593221,0.0600962310161253
183,2499,180.65,37.343,133,107,244,288.63,94,48,85.8,37.1,10.5,0.377,95.9,451456,178,0.095,-1.3,0.12,2496,1.126,190,0.146,146,177,214,2,1,0,2.932,2.994,3,3,280,2953,8.096,1.841,56.4076734344998,2.32432432432432,137,1.4142135623731,27.007299270073,5.78462955620877,1.92153784566105,3.01041666666667,3.36046511627907,0.375542211580806,0.0283069258536149
184,799,214.77,21.568,240,169,244,148.65,45,30,44.9,22.7,153.6,0.454,48.8,171601,218,-0.432,-1.068,0.25,797,1.064,105,0.079,196,217,233,1,1,0,2.312,2.406,2,3,146,898,3.675,1.825,508,1.95652173913043,75,-1,29.3333333333333,0.186951066499373,0.0614805520702635,3.04081632653061,3.31111111111111,66.3271349645315,-0.00125470514429109
185,1141,186.287467134093,41.6900816045375,242,97,243,218.693434175952,78,27,67.5707915727048,21.4999156696229,170.70227704847,0.299794747489025,79.4292137692424,212554,193,-0.191007926668458,-1.35306849851371,0,1141,1.10513199820073,126,0.0755345332965768,146,192,225,1,1,1,3.89439088518843,4.11305872042068,4.25669383003492,4.41385331781141,206,1459,4.06515066964286,2.03038289536267,726,3.23809523809524,146,5,28.7671232876712,0.19193689745837,0.0692375109553024,2.77215189873418,3.22058823529412,66.0747874238886,0.00438212094653812
186,1067,193.70946579194,38.2506537043982,241,110,244,244.534054609518,57,68,56.1929816669749,24.1764461313653,127.215014624677,0.224230964801591,71.7843994193724,206688,199,-0.350116789570052,-1.15940521591816,0.0937207122774133,1066,1.13260786992235,123,0.0749193925752666,161,198,229,1,1,1,4.82942830365511,4.97656982193065,4.04263565891473,4.13242894056848,245,1761,4.01962425595238,1.85969577349076,678,2.33333333333333,134,4,28.3582089552239,0.229831144465291,0.0675422138836773,3.40277777777778,4.375,54.2338100198659,0.00375234521575985
187,30751,117.75,65.765,47,39,251,1921.28,162,451,341.8,114.5,100.4,0.105,451.7,3620800,96,0.653,-1.008,0.32,30653,1.226,2498,1.531,60,95,171,4,3,0,5.141,5.158,4,4,1222,45123,122.14,4.346,19576,2.97391304347826,212,-5,31.1320754716981,0.0626692330277624,0.0147457018888853,4.25,5.61695906432749,200.310430807047,-1.63116171337226e-4
188,731,202.19,28.194,170,156,243,151.24,39,53,55.6,16.7,122.9,0.402,63.5,147801,203,-0.008,-1.563,0,731,1.062,47,0.067,173,202,230,2,1,0,3.777,4.021,4,4,180,836,1.11,2.154,30.508000708034,3.29411764705882,87,0,32.183908045977,5.58493674698758,2.36712550865699,2.359375,2.69642857142857,0.402877808828409,0
189,815,228.59,13.148,241,180,245,192.84,52,41,50.4,20.6,32.8,0.275,59.7,186303,233,-1.016,0.325,0.98,807,1.123,168,0.117,219,232,238,2,1,0,3.489,3.583,3,3,181,1053,15.406,1.8,518,2.38095238095238,65,5,20,0.239157372986369,0.0743494423791822,3.21666666666667,3.86,52.0054414655787,0.00619578686493185
190,6470,159.71,54.952,240,78,250,670.21,103,146,137.4,59.9,111.7,0.181,159.2,1033318,152,0.137,-1.453,0.57,6433,1.216,601,0.339,105,151,213,1,2,0,3.189,3.33,3,3,494,9091,84.109,2.336,4118,2.28333333333333,172,-2,31.9767441860465,0.10415047411783,0.0247163065443805,4.21383647798742,4.89051094890511,121.017158925408,-3.10896937665164e-4
191,1733,181.81,39.377,242,115,244,243.71,59,66,72.3,30.5,136.8,0.367,83.5,315076,175,0.141,-1.439,0.06,1732,1.114,139,0.113,144,174,221,3,1,0,3.242,2.983,3,3,246,2158,5.808,2.061,1102,2.32258064516129,129,6,30.2325581395349,0.140877598152425,0.0484988452655889,2.9047619047619,3.38888888888889,88.4754223742686,0.00346420323325635
192,1621,207.33,27.55,239,136,244,350.17,43,72,69,29.9,68.2,0.166,78.7,336089,211,-0.475,-0.879,0.12,1619,1.214,199,0.137,186,210,231,1,1,0,2.716,2.795,3,3,226,2132,14.376,2.227,1030,2.3,108,0,25.9259259259259,0.216182828906733,0.0487955528103768,4.43037974683544,5.07246376811594,58.462511565079,0
193,1728,195.52,41.323,242,113,250,403.91,70,79,57.7,38.1,145.9,0.133,87.7,337862,207,-0.39,-1.367,1.74,1698,1.217,283,0.139,153,205,234,1,1,0,4.079,4.25,4,4,294,3610,18.841,2.146,1100,1.52631578947368,137,5,29.9270072992701,0.237926972909305,0.0518256772673734,4.59090909090909,6.96551724137931,52.5559046876401,0.00294464075382803
194,1728,177.7,40.456,243,109,243,308.53,76,48,67.2,32.7,171.8,0.228,76.7,307067,169,0.231,-1.37,0,1728,1.178,151,0.111,142,168,216,2,1,0,3.02,3.026,3,3,244,2428,12.649,3.636,1100,2.03030303030303,134,-6,29.8507462686567,0.178819444444444,0.0445601851851852,4.01298701298701,4.61194029850746,69.8221492656355,-0.00347222222222222
195,1148,179.07,38.46,154,103,245,173.52,58,46,67.2,21.8,38.6,0.479,69.3,205567,169,0.248,-1.212,0.09,1147,1.083,72,0.079,149,168,215,1,1,0,3.138,3.207,3,3,203,1272,4.558,2.228,730,3.04545454545455,142,5,26.7605633802817,0.151700087183958,0.0601569311246731,2.52173913043478,2.59701492537313,83.800157527151,0.004359197907585
196,2175,179.77,40.152,243,113,248,312.03,64,87,82.7,33.5,124.5,0.281,96.4,390993,173,0.204,-1.392,0.32,2168,1.152,184,0.14,141,171,218,1,1,0,3.519,3.637,3,3,298,2953,17.732,2.873,1384,2.44117647058824,135,-6,29.6296296296296,0.143911439114391,0.044280442804428,3.25,3.75903614457831,86.7639856430913,-0.00276752767527675
197,858,181.53,46.591,239,93,243,187.58,38,66,60.6,18,70.3,0.306,71.2,155752,186,-0.229,-1.349,0,858,1.087,80,0.055,139,185,226,1,1,0,4.424,4.59,4,4,204,1158,2.069,2.423,546,3.38888888888889,150,-1,31.3333333333333,0.219114219114219,0.0827505827505828,2.64788732394366,3.08196721311475,56.7470841427377,-0.00116550116550117
198,1086,193.266114180479,35.3554445451881,242,110,248,236.492424049175,80,29,68.2579177620794,20.2575494670387,168.380445590525,0.244008650819972,81.3941029804985,209887,195,-0.126891625702914,-1.27000298980259,0.368324125230203,1082,1.11813241891786,154,0.0801159883995415,162,194,227,1,1,1,4.46961325966851,4.54834254143646,3.80807453416149,3.89813664596273,214,1458,3.43095703125,1.92238503766704,690,3.4,138,-1,25.3623188405797,0.2181146025878,0.0748613678373383,2.91358024691358,3.47058823529412,57.1294664064564,-9.24214417744917e-4
199,3891,182.6,40.063,242,80,247,551.25,124,77,106.8,46.4,163.6,0.161,126.3,710497,176,0.022,-1.235,0.18,3884,1.223,399,0.243,147,175,222,4,1,0,3.598,3.709,3,3,398,5682,44.169,2.226,2476,2.32608695652174,167,-1,23.9520958083832,0.141864057672503,0.0324407826982492,4.37301587301587,5.14953271028037,88.903066422898,-2.57466529351184e-4
200,22461,162.39,46.835,154,55,254,1059.24,129,312,289.6,98.7,91.6,0.252,312.5,3647444,163,-0.195,-0.685,0.93,22253,1.164,1044,0.912,132,161,196,8,10,0,3.458,3.462,3,3,878,29070,123.994,2.361,169.110122152095,2.92929292929293,199,10,23.6180904522613,7.09907355710333,2.09821531952157,3.38338658146965,3.65172413793103,0.24934835746779,0.0670356332115517
281,7435,205.19,28.441,218,85,251,603.19,124,111,109.8,86.2,54.6,0.257,132.3,1525621,212,-1.417,2.125,0.58,7392,1.211,641,0.643,194,211,221,6,11,0,2.359,2.409,2,2,466,9587,49.184,2.203,4732,1.27906976744186,166,-1,16.8674698795181,0.0815746753246753,0.0178571428571429,4.56818181818182,5.48181818181818,154.560085825862,-1.35281385281385e-4
282,790,195.19,42.099,243,95,248,184.79,54,32,44.9,22.4,10.8,0.291,59.2,154202,211,-0.737,-0.726,0.38,787,1.11,94,0.057,159,209,229,1,1,0,2.966,3.111,2,2,168,1316,1.972,2.875,31.7152840179743,2.04545454545455,153,0,27.4509803921569,6.59453780364555,2.10312286710858,3.13559322033898,4.11111111111111,0.288962269496002,0
283,1833,219.59,12.666,217,153,243,327.06,80,110,94.3,24.8,59.2,0.215,125.9,402501,220,-0.726,1.76,0,1833,1.155,138,0.22,211,219,227,2,7,0,6.893,6.46,8,8,376,3884,3.331,2.39,1166,3.76,90,4,14.4444444444444,0.178396072013093,0.0687397708674304,2.5952380952381,3.47872340425532,70.8743302649857,0.00218221494817239
284,1256,235.9,7.636,243,195,250,569.88,73,59,47.2,33.9,151.6,0.049,74.4,296292,238,-1.553,3.088,4.3,1202,1.307,448,0.245,231,237,240,1,4,0,4.188,4.309,4,4,260,2506,143.913,3.273,39.9898595669873,1.38235294117647,55,0,14.5454545454545,16.4407877193262,2.13441805478972,7.7027027027027,12.1276595744681,0.0464905431777769,0
285,1703,200.24,30.922,241,109,243,283.46,92,51,90.6,23.9,156.3,0.266,99.8,341002,204,-0.644,-0.266,0,1703,1.151,148,0.123,181,203,226,2,2,0,4.419,4.336,5,5,282,2436,5.769,2.479,1084,3.79166666666667,134,2,23.134328358209,0.166177334116265,0.0587199060481503,2.83,3.10989010989011,76.1584667482337,0.00117439812096301
286,13317,208.19,14.194,215,159,243,548.18,169,137,155,109.4,18.6,0.557,169.9,2772473,210,-0.346,0.196,0,13317,1.08,545,1.527,199,209,216,4,8,0,2.433,2.401,2,2,608,14815,21.927,2.387,130.214173641882,1.42201834862385,84,1,16.6666666666667,4.74872870037133,1.47314576471373,3.22352941176471,3.53548387096774,0.557256504979691,0.0086655633218455
287,1280,227.78,11.088,231,186,251,407,81,61,64,25.4,0.8,0.097,86.7,291561,230,-0.922,0.637,0.55,1273,1.222,214,0.177,221,229,235,2,3,0,5.023,5.226,6,6,280,3428,7.659,2.25,814,2.56,65,4,16.9230769230769,0.319717203456402,0.0683424980361351,4.67816091954023,6.359375,39.4987402273561,0.00314218381775334
288,1980,221.235353535354,33.1227701224154,243,92,255,574.021428024809,70,73,59.1704105590296,42.6059963883571,68.0310677204958,0.0755124993069644,80.4487414444751,438046,233,-2.25432098749378,4.55666932664821,8.23232323232323,1817,1.34346466563394,472,0.242532617662062,216,230,238,3,5,6,3.15833333333333,3.18282828282828,3.6735807860262,3.70687772925764,282,3702,141.602490234375,1.66178737852658,1260,1.37209302325581,163,-1,20.2453987730061,0.315905338470006,0.0440286186020914,7.175,9.72881355932203,39.9179989620465,-5.50357732526142e-4
289,1154,214.27,25.951,239,131,246,255.81,73,44,67.5,21.8,160,0.222,76.2,247268,223,-1.119,0.315,0.43,1149,1.171,152,0.113,200,222,233,3,4,0,4.068,4.016,4,4,230,1931,5.065,1.803,38.3316896917469,3.09090909090909,115,1,22.6086956521739,7.55231248339363,2.24209276850749,3.36842105263158,3.76470588235294,0.220317990660075,0.0295012206382564
290,3400,203.64,17.964,194,159,243,319.5,93,76,95.7,45.2,147,0.419,111.3,692366,202,0.291,-0.634,0,3400,1.12,176,0.317,189,201,215,2,3,0,2.852,2.776,3,3,333,4067,2.89,2.091,65.7952464247954,2.13333333333333,84,1.4142135623731,21.4285714285714,5.48795472456028,1.90363429508185,2.88288288288288,3.33333333333333,0.417242774304894,0.0242535625036333
291,1095,158.37,49.084,117,56,243,156.75,43,44,41.9,33.3,36.1,0.56,47.2,173410,151,0.204,-1.176,0,1095,1.064,83,0.055,116,150,203,2,1,0,2.227,2.286,2,2,170,1275,0.878,1.456,696,1.27272727272727,187,4,26.2032085561497,0.14337899543379,0.0429223744292237,3.34042553191489,3.73809523809524,86.5419863064358,0.00365296803652968
292,1165,222.34678111588,19.9796266598846,242,162,246,373.989898732233,67,57,45.6935772938116,32.4624193916495,153.941576464396,0.104668510709266,72.0069441095788,259034,231,-0.893632523082039,-0.326768790635067,0.515021459227468,1159,1.2212425340114,227,0.149989460830321,205,230,238,3,2,0,3.90257510729614,4.03218884120172,4.54375,4.64875,243,2410,26.1404418945312,2.24390243902439,38.5139464300461,1.4375,84,0,23.8095238095238,10.9857543648411,2.11490458360577,5.19444444444444,8.1304347826087,0.104123820684337,0
293,804,235.31,12.057,242,182,250,324.42,51,30,43.5,23.5,174.1,0.096,51.2,189191,240,-2.159,4.489,9.95,724,1.245,300,0.164,232,238,241,1,1,0,2.475,2.633,3,3,158,1198,94.657,2.027,31.9950714011873,1.83333333333333,68,0,17.6470588235294,12.0413651692041,1.89540007293027,6.35294117647059,7.36363636363636,0.0866679271909393,0
294,10156,237.72,23.352,254,122,255,1391.76,301,173,215.8,59.9,157.3,0.066,332.3,2414248,250,-1.579,1.829,63.15,3742,1.296,737,0.353,196,214,232,1,6,0,8.116,8.207,9,9,944,25322,179.599,8.082,113.714646445963,3.6,133,3.16227766016838,17.2932330827068,22.7555503592844,5.42732953971438,4.19277108433735,6.44444444444444,0.0242680665166572,0.0516949486681046
295,3219,230.11,13.292,241,170,255,843.18,87,151,79.4,51.6,111.8,0.057,164.3,740738,234,-1.347,1.843,5.41,3045,1.342,652,0.446,222,232,238,5,4,0,6.249,6.353,4,4,472,7920,244.272,3.673,64.0199819939251,1.51923076923077,85,0,15.2941176470588,15.2768539303697,2.97200954280027,5.14024390243902,10.6708860759494,0.0538445822350045,0
296,934,203.371520342612,29.9150652350675,233,105,250,194.350288425444,53,41,47.2212407459083,25.1837036892278,32.403974196439,0.310732272557456,56.938563381947,189949,207,-0.774078116172401,0.0989870249766809,0.642398286937901,928,1.13514744094219,121,0.0720992614335253,184,206,227,2,1,0,2.9271948608137,3.03265524625268,3.46026011560694,3.66618497109827,184,1277,2.84041341145833,1.97647058823529,34.4848624005177,1.88,145,1,20.6896551724138,6.36836199369654,1.87111666825105,3.40350877192982,4.12765957446809,0.309852054685017,0.0328266082149306
297,939,230.495207667732,10.3976752585881,236,188,249,218.492424049175,58,33,50.0582728493655,23.8836033377343,174.632533518419,0.247173945700783,58.6941223633168,216435,233,-1.15320607972547,1.52066867217242,1.70394036208733,923,1.17226474664043,203,0.139060167240257,224,231,237,4,4,2,3.06496272630458,3.09850905218317,3.016,3.1208,178,1269,15.2679998224432,3.5,34.5770434321143,2.08333333333333,61,0,16.3934426229508,7.1755574035753,1.94200865509607,3.69491525423729,4.36,0.244061107588871,0
298,2418,220.61,22.728,242,133,250,590.02,80,109,70,44,115.5,0.087,111.6,533436,228,-1.293,1.184,2.89,2348,1.27,476,0.269,208,226,237,2,1,0,4.841,4.915,3,3,374,5397,91.119,3.568,1538,1.59090909090909,117,4,19.6581196581197,0.251277683134583,0.0477001703577513,5.26785714285714,8.42857142857143,50.1799969430533,0.00170357751277683
299,1342,208.5,37.337,237,78,255,233.91,63,57,60.4,28.3,34.6,0.308,70.7,279810,222,-1.406,1.618,5.44,1269,1.192,181,0.114,185,219,234,2,2,0,3.404,3.504,3,3,235,1978,10.976,5.056,41.3362730423848,2.14285714285714,177,1,20.9039548022599,6.56878498431885,1.9930928798574301,3.29577464788732,3.9,0.291232455066509,0.0280717307022173
300,82318,46.62,47.907,28,25,253,1684.22,356,400,459.6,228.1,50.3,0.365,479.5,3837972,30,3.134,8.671,0.12,82221,1.097,4872,17.932,27,29,34,32,31,0,2.399,2.404,3,3,1508,90655,10.591,1.745,323.744548747171,2.01754385964912,228,6.32455532033676,21.0526315789474,5.87287435924182,1.67397843968888,3.50833333333333,3.66086956521739,0.364341334074518,0.0220566025976319
381,14240,235.77,7.559,240,192,255,588.26,146,147,140.3,129.2,132.5,0.517,153.4,3357411,237,-0.867,1.116,12.42,12472,1.542,3345,2.287,230,235,239,18,19,0,1.817,1.885,2,2,582,15200,238.491,2.813,134.651145992259,1.08527131782946,63,1,12.6984126984127,5.26513213706765,1.37000887240026,3.84313725490196,4.2,0.453305839876578,0.00895430635555723
382,18284,238.3,8.625,243,181,255,1203.8,159,256,272.8,85.3,63.7,0.159,284.4,4357132,240,-1.249,2.628,29.08,12967,1.62,4386,2.477,230,236,240,14,26,0,3.142,3.141,4,4,826,21899,252.769,4.928,152.577560066799,3.21176470588235,74,0,12.1621621621622,10.5732069192712,2.49401226334967,4.23943661971831,4.41025641025641,0.112407787825462,0
383,3565,234.96,8.351,241,189,253,770.51,87,104,102.4,44.3,122.7,0.075,117.4,837643,237,-1.375,2.463,7.07,3313,1.414,952,0.608,230,235,239,5,5,0,3.121,3.161,4,4,378,5433,251.873,6.789,67.3728356014563,2.31818181818182,64,0,12.5,13.3950290593697,2.03270868994326,6.58974358974359,7.55882352941176,0.0700361950897935,0
384,2199,221.99,24.504,243,97,250,719.72,141,85,82,34.2,156.1,0.053,145,488157,232,-1.872,3.922,1.91,2157,1.292,506,0.276,213,230,238,2,4,0,8.056,8.05,8,8,448,6404,108.174,4.828,1398,2.41176470588235,153,5,16.3398692810458,0.333796940194715,0.0672229949003245,4.96551724137931,8.78048780487805,37.5424673340343,0.00231803430690774
385,8338,234.44279203646,9.96179105445007,240,175,255,674.732106143464,113,111,109.110387080321,97.2984480037329,137.794201224742,0.230148952708038,118.139747756629,1954784,237,-1.23663144238686,1.73819058369972,13.1086591508755,7245,1.49950645996826,2104,1.23207850011892,227,235,239,8,10,0,1.81830175101943,1.86237706884145,2.6637687019814,2.71279822078447,444,9621,236.824668390288,5.59,103.035291643212,1.12371134020619,80,1,12.5,7.93020798956522,1.38631784113881,5.72033898305085,6.19266055045872,0.199820806806106,0.0117484562808374
386,22024,221.5,19.203,232,114,254,1047.96,182,183,182,154.1,140.9,0.252,212.6,4878384,227,-1.597,3.318,2.57,21459,1.281,2606,2.448,212,226,233,6,4,0,2.011,1.995,2,2,726,24729,183.433,3.172,167.456942923389,1.18181818181818,140,1,13.5714285714286,7.15412530809984,1.45403501013861,4.92018779342723,5.75824175824176,0.245525598571555,0.00682645544666015
387,6309,222.03,17.261,242,148,249,871.67,121,99,117.1,68.6,26.4,0.104,130.8,1400765,226,-0.894,0.668,1.92,6188,1.294,1253,0.693,208,224,235,1,1,0,2.485,2.548,3,3,436,7902,387.69,2.984,89.6262700759891,1.69565217391304,101,1,16.8316831683168,11.0851438287441,1.66531403849252,6.65648854961832,7.45299145299145,0.102265041560126,0.012712320904523
388,14102,233.49,9.602,242,111,253,2398.65,118,276,215.1,83.5,90.8,0.031,278.7,3292641,236,-2.472,16.877,5.57,13316,1.48,3716,2.245,227,234,239,11,14,0,4.058,4.087,5,5,784,23429,183.861,3.126,133.997104669673,2.55952380952381,142,1,7.04225352112676,20.7894669849608,2.41778294656276,8.59856630824373,11.1581395348837,0.0290752297097541,0.00866588869735756
389,20467,236.07,11.381,243,175,255,1155.62,188,168,204.4,127.5,17.7,0.193,213.6,4831554,239,-1.153,1.417,26.02,15142,1.553,4055,2.506,226,234,239,12,14,0,1.858,1.912,3,3,708,24703,215.835,5.692,161.429222144241,1.59375,80,0,13.75,9.39433868137271,1.73909037873163,5.4018691588785,5.66666666666667,0.142389327117302,0
390,3147,217.28,36.55,243,123,248,635.96,109,56,95.6,41.9,5.8,0.098,109.1,683779,236,-1.408,0.389,2.7,3062,1.333,715,0.49,208,235,239,1,1,0,2.91,3.097,3,3,326,4775,273.098,5.072,2002,2.28571428571429,125,5,29.6,0.207707380796865,0.0355976485956891,5.8348623853211,6.625,60.310700346658,0.00163291966035271
391,22955,240.141537791331,10.3352304304601,243,155,255,1307.3393206059,277,201,295.668995867923,98.851127977083,150.247778536495,0.168775931645963,316.185072386411,5512449,243,-2.64810069014411,10.8516390087175,43.3761707688957,12998,1.65979854569039,5205,2.76254255905255,232,238,240,6,26,0,3.19268133304291,3.2608799825746,7.53091620279826,7.59981946742892,952,26864,313.243766053082,4.23076923076923,170.959684573281,2.98989898989899,100,0,10,11.4640301947392,2.7717165581772,4.13607594936709,4.41554054054054,0.0956170237743096,0
392,19442,239.37,11.377,243,162,255,1407.77,269,178,258.4,95.8,159.1,0.123,284.3,4653853,242,-2.25,7.098,42.07,11262,1.63,4073,2.211,229,237,240,7,6,0,3.326,3.481,12,12,890,25991,274.933,6.471,157.335066748456,2.6875,93,0,11.8279569892473,13.2676770969765,2.67615077808334,4.95774647887324,5.45736434108527,0.071387155508959,0
393,8590,233.93,11.02,243,169,255,1460.76,179,173,177,61.8,36.7,0.051,234.1,2009463,237,-1.143,1.731,15.45,7263,1.499,1817,1.163,225,233,239,9,12,0,4.684,4.712,6,6,700,13338,265.476,3.942,104.580723315891,2.85483870967742,86,1,12.7906976744186,17.1432119217434,2.74573004085418,6.24358974358974,8.25423728813559,0.0427587968317438,0.0117338890634794
394,4726,225.81,28.967,241,100,255,480.77,83,123,131.5,45.8,64,0.257,130.2,1067194,235,-2.584,6.194,12.04,4157,1.417,1176,0.617,223,233,238,2,9,0,2.999,3.084,3,4,407,5652,333.344,3.855,3008,2.8695652173913,155,-3,18.7096774193548,0.115708443589127,0.0312725523213856,3.7,3.64393939393939,108.154042740975,-7.21674284339668e-4
395,13702,232.57,17.633,242,105,255,1249.2,91,259,237.2,73.5,93.9,0.11,259,3186658,237,-3.55,16.916,17.08,11362,1.529,3033,1.81,226,234,238,15,11,0,3.564,3.597,4,4,696,18234,283.129,4.766,132.083035405616,3.2027027027027,150,1,12,11.7175022585755,2.42981031622983,4.82239382239382,5.27004219409283,0.0915250073047062,0.00938150701247037
396,10853,215.88,34.145,243,99,255,897.99,199,195,228.3,60.5,47.3,0.169,264.5,2342931,229,-1.654,1.881,9.1,9865,1.381,1712,1.04,204,225,236,5,4,0,4.678,4.768,6,6,784,15018,243.68,4.282,6908,3.73770491803279,156,-2,21.7948717948718,0.0910288900152053,0.026862645717182,3.38867924528302,3.93859649122807,138.356301462783,-2.0273694880892e-4
397,11497,242.08,10.957,251,173,255,1249.66,218,122,167.2,87.5,173,0.093,218.4,2783234,243,-1.729,5.045,49.88,5762,1.455,1594,1.083,230,236,239,6,12,0,3.502,3.607,3,3,676,18045,302.94,4.035,7318,1.89772727272727,82,4,13.4146341463415,0.216938562998959,0.0378340853870184,5.73394495412844,7.48502994011976,58.0187720191807,6.94203401596668e-4
398,11164,231.47,17.187,242,124,255,1388.8,256,115,256.2,55.5,17.1,0.073,264.9,2584089,236,-2.228,7.277,18.61,9086,1.496,2280,1.317,221,232,238,12,17,0,4.666,4.64,7,7,738,15865,235.216,3.53,119.224352702891,4.57142857142857,131,1.4142135623731,12.9770992366412,14.5718898426298,2.7800941744398,5.24150943396226,5.42578125,0.0591804284523247,0.0148364033440272
399,5855,232.81366353544,19.4716323533614,243,150,254,547.494516090228,131,107,147.295044337373,50.6114619671076,150.170993564821,0.245458014256272,147.85127662621,1363124,239,-2.44731714563294,5.58991934579786,21.6908625106746,4585,1.47384387118487,1522,0.849986931298528,229,236,240,3,7,3,3.06490179333903,3.1867634500427,5.57327209098863,5.87773403324584,472,7223,251.888680555556,4.07416296872219,3726,2.88235294117647,104,-1,18.2692307692308,0.119302071973828,0.0322791712104689,3.69594594594595,3.72108843537415,105.718916085939,-2.18102508178844e-4
400,3886,232.028049408132,20.6477844322333,243,152,253,687.359523141434,72,118,109.466961771235,45.1991065686175,110.24968976393,0.103358155917118,120.220630509077,901661,239,-2.37161389389237,4.81813545778726,17.1127123005661,3221,1.43994868381989,1077,0.634610768966719,230,237,240,3,5,5,3.01711271230057,3.10820895522388,5.10393772893773,4.97802197802198,376,5180,272.522770100502,3.22425436765537,2472,2.42222222222222,101,5,20.7920792079208,0.21328779882024201,0.0372555107109593,5.725,6.30275229357798,59.0894594873736,0.00155231294628997
